0,ASUS ROG MAXIMUS XII APEX,1200
1,ASUS ROG RAMPAGE VI EXTREME ENCORE,2066
2,MSI MEG X570 GODLIKE (MS-7C34),AM4
3,ASUS ROG MAXIMUS X APEX,1151
4,MSI X299M GAMING PRO CARBON AC (MS-7B06),2066
5,ASUS ROG MAXIMUS XII FORMULA,1200
6,MSI MEG Z490 GODLIKE (MS-7C70),1200
7,ASUS ROG STRIX Z490-F GAMING,1200
8,ASRock X570 Creator,AM4
9,ASUS ROG STRIX X570-I GAMING,AM4
10,ASUS ROG RAMPAGE VI APEX,2066
11,ASUS ROG MAXIMUS X FORMULA,1151
13,MSI MEG X570 ACE (MS-7C35),AM4
17,ASUS ROG MAXIMUS XII HERO (WI-FI),1200
18,ASUS ROG RAMPAGE VI EXTREME OMEGA,2066
19,MSI MPG Z390 GAMING EDGE AC (MS-7B17),1151
20,ASRock Z270 Gaming K6,1151
21,ASUS ROG STRIX X570-E GAMING,AM4
22,ASUS ROG MAXIMUS XI HERO (WI-FI),1151
23,Gigabyte Z270-Gaming K3,1151
24,ASUS ROG MAXIMUS XI FORMULA,1151
25,ASUS ROG STRIX Z390-I GAMING,1151
26,NZXT N7 Z370,1151
27,ASRock Z370 Gaming K6,1151
29,Gigabyte Z490 AORUS PRO AX,1200
30,ASUS ROG STRIX Z490-E GAMING,1200
31,ASUS ROG ZENITH II EXTREME,sTRX4
32,ASUS ROG MAXIMUS XI APEX,1151
33,ASUS ROG CROSSHAIR VIII HERO,AM4
34,ASUS ROG STRIX Z370-F GAMING,1151
35,ASUS ROG CROSSHAIR VIII HERO (WI-FI),AM4
37,MSI MEG Z390 GODLIKE (MS-7B10),1151
38,ASUS PRIME X299-DELUXE,2066
39,ASUS ROG MAXIMUS XII EXTREME,1200
41,Gigabyte Z390 I AORUS PRO WIFI-CF,1151
43,EVGA X299 FTW K,2066
44,Gigabyte X570 AORUS MASTER,AM4
45,MSI MPG Z390 GAMING PRO CARBON AC (MS-7B17),1151
49,ASUS ROG STRIX Z390-F GAMING,1151
50,Gigabyte X570 AORUS PRO WIFI,AM4
51,ASRock Z270 Taichi,1151
53,ASUS ROG RAMPAGE VI EXTREME,2066
54,ASUS ROG STRIX Z490-I GAMING,1200
55,Gigabyte Z490 AORUS XTREME,1200
56,Gigabyte Z390 AORUS ULTRA-CF,1151
57,EVGA Z390 DARK,1151
60,MSI MEG Z490 UNIFY (MS-7C71),1200
61,MSI MPG X570 GAMING PRO CARBON WIFI (MS-7B93),AM4
62,MSI MEG X570 UNIFY (MS-7C35),AM4
66,Gigabyte X570 AORUS ELITE,AM4
67,Gigabyte Z390 AORUS MASTER-CF,1151
70,ASUS MAXIMUS IX HERO,1151
71,ASUS ROG MAXIMUS XI GENE,1151
72,ASRock X299 OC Formula,2066
77,ASUS ROG MAXIMUS X HERO,1151
80,ASUS PRIME X570-PRO,AM4
81,ASUS PRIME Z390-A,1151
82,Gigabyte Z390 AORUS PRO WIFI-CF,1151
85,ASUS ROG STRIX Z370-E GAMING,1151
86,ASUS PRIME X399-A,TR4
87,ASRock Z370 Taichi,1151
90,AM (MS-7B79),AM4
92,ASUS TUF GAMING X570-PLUS (WI-FI),AM4
94,EVGA X299 DARK,2066
96,MSI MAG B550M MORTAR (MS-7C94),AM4
97,ASUS ROG STRIX X299-E GAMING,2066
98,ASUS ROG CROSSHAIR VIII FORMULA,AM4
100,ASUS X99-A II,2011-3
102,Gigabyte Z490 AORUS MASTER,1200
103,MSI Z390-A PRO (MS-7B98),1151
105,ASRock Z490 Taichi,1200
107,Gigabyte AX370-Gaming K7,AM4
109,Gigabyte X570 AORUS ULTRA,AM4
111,ASUS ROG MAXIMUS X CODE,1151
114,MSI MPG Z390 GAMING PRO CARBON (MS-7B17),1151
116,EVGA 134-KS-E379,1151
119,Gigabyte Z370 AORUS Gaming 7-OP,1151
120,Gigabyte Z370 AORUS Gaming 5-CF,1151
122,ASUS Z97-A,1150
123,ASUS ROG STRIX X570-F GAMING,AM4
129,ASUS ROG STRIX Z490-G GAMING (WI-FI),1200
130,ASRock X299 Taichi XE,2066
135,ASUS Z170 PRO GAMING,1151
136,ASUS ROG CROSSHAIR VIII IMPACT,AM4
137,Gigabyte X570 AORUS ELITE WIFI,AM4
138,ASUS ROG STRIX Z390-E GAMING,1151
142,ASUS ROG STRIX B350-I GAMING,AM4
144,Gigabyte Z370 AORUS Gaming 7,1151
150,MSI Z370 TOMAHAWK (MS-7B47),1151
154,Gigabyte X570 I AORUS PRO WIFI,AM4
159,MSI B450 TOMAHAWK MAX (MS-7C02),AM4
163,ASRock X570 Taichi,AM4
164,MSI Z370 GAMING M5 (MS-7B58),1151
165,ASUS STRIX Z270F GAMING,1151
166,MSI B450I GAMING PLUS AC (MS-7A40),AM4
167,EVGA 151-SX-E299,2066
170,ASUS PRIME Z370-P,AM4
173,ASUS ROG STRIX B365-G GAMING,1151
176,ASUS MAXIMUS IX CODE,1151
177,MSI MPG X570 GAMING PLUS (MS-7C37),AM4
181,ASUS ROG MAXIMUS X HERO (WI-FI AC),1151
182,ASUS MAXIMUS VIII RANGER,1151
183,ASRock Z170 Gaming K6,1151
184,ASRock X570 Phantom Gaming-ITX/TB3,AM4
186,Gigabyte Z170X-Gaming 7,1151
188,ASRock B550M Steel Legend,AM4
189,MSI Z370 GAMING PLUS (MS-7B61),1151
204,ASUS SABERTOOTH Z170 S,1151
205,Gigabyte AX370-Gaming 5,AM4
206,ASUS ROG CROSSHAIR VII HERO,AM4
207,NVIDIA Z370 GODLIKE GAMING (MS-7A98),1151
216,MSI MPG X570 GAMING EDGE WIFI (MS-7C37),AM4
221,MSI MAG X570 TOMAHAWK WIFI (MS-7C84),AM4
222,ASUS RAMPAGE V EXTREME,2066
226,ASUS ROG MAXIMUS XI EXTREME,1151
236,MSI Z170A GAMING M5 (MS-7977),1151
241,ASUS ROG MAXIMUS XI CODE,1151
242,ASUS CROSSHAIR VI HERO,AM4
244,MSI X470 GAMING M7 AC (MS-7B77),AM4
246,ASUS PRIME X299-DELUXE II,2066
247,ASUS ROG CROSSHAIR VII HERO (WI-FI),AM4
252,MSI MEG X399 CREATION (MS-7B92),TR4
254,MSI Z270 GAMING M7 (MS-7A57),1151
257,ASUS STRIX X99 GAMING,2011-3
259,MSI Z170A GAMING PRO (MS-7984),1151
260,ASUS ROG MAXIMUS XI HERO,1151
266,Gigabyte B550 AORUS ELITE AX,AM4
267,ASUS X99-DELUXE II,2011-3
273,Gigabyte X470 AORUS GAMING 7 WIFI-CF,AM4
277,ASUS TUF Z390-PLUS GAMING (WI-FI),1151
283,ASUSTeK ROG MAXIMUS X HERO,1151
284,MSI MAG Z390 TOMAHAWK (MS-7B18),1151
288,ASUS ROG STRIX X299-XE GAMING,2066
291,ASUS PRIME X570-P,AM4
292,MSI X470 GAMING PRO CARBON (MS-7B78),AM4
293,ASRock X370 Taichi,AM4
296,Gigabyte Z390 AORUS XTREME WATERFORCE-CF,1151
297,ASUS X99-DELUXE,2011-3
302,MSI Z270 XPOWER GAMING TITANIUM (MS-7A58),1151
304,MSI MEG Z390 ACE (MS-7B12),1151
307,ASRock Z390 Phantom Gaming 4,1151
310,Gigabyte X299 AORUS Gaming 7,2066
311,ASRock Z370 Extreme4,1151
313,Gigabyte X299 AORUS Gaming 9,2066
317,Gigabyte Z390 AORUS XTREME WATERFORCE5G-CF,1151
319,ASRock AB350 Gaming-ITX/ac,AM4
327,ASUS P8P67 DELUXE,1155
332,Gigabyte TRX40 AORUS PRO WIFI,sTRX4
335,ASUS Z170-A,1151
339,Gigabyte X570 AORUS XTREME,AM4
344,ASRock X570 AQUA,AM4
350,MSI X299 XPOWER GAMING AC (MS-7A91),2066
353,ASUS ROG STRIX Z370-I GAMING,1151
369,ASRock X99 Extreme6/ac,2011-3
371,ASUS PRIME Z390M-PLUS,1151
378,ASUS PRIME X470-PRO,AM4
383,MSI MPG Z390M GAMING EDGE AC (MS-7B50),1151
391,MSI X370 KRAIT GAMING (MS-7A33),AM4
394,Gigabyte Z390 AORUS XTREME-CF,1151
395,Gigabyte Z170X-UD5 TH-CF,1151
407,ASRock X299E-ITX/ac,2066
408,ASRock X99M Extreme4,2011-3
411,MSI X299 GAMING M7 ACK (MS-7A90),2066
414,ASUS ROG STRIX B450-F GAMING,AM4
415,ASUS ROG STRIX X470-I GAMING,AM4
416,Gigabyte Z170X-UD5-CF,1151
417,EVGA X299 MICRO,2066
420,ASRock B450 Gaming-ITX/ac,AM4
422,Gigabyte Z390 AORUS ELITE-CF,1151
430,ASUS ROG CROSSHAIR VI EXTREME,AM4
433,Gigabyte Z390 AORUS PRO-CF,1151
434,ASUS ROG STRIX X470-F GAMING,AM4
442,ASUS ROG STRIX B450-I GAMING,1M4
444,ASRock X399 Professional Gaming,TR4
449,ASUS PRIME Z370-A II,1151
452,ASRock X470 Taichi,AM4
455,ASRock TRX40 Creator,sTRX4
459,MSI Z370 GAMING PRO CARBON (MS-7B45),1151
469,ASUS TUF Z270 MARK 1,1151
470,ASUS ROG ZENITH EXTREME,TR4
473,MSI MPG Z490 GAMING EDGE WIFI (MS-7C79),1200
478,MSI X299 GAMING PRO CARBON AC (MS-7A95),2066
486,ASUS RAMPAGE V EDITION 10,2011-3
493,ASUS ROG STRIX X370-F GAMING,AM4
502,EVGA Z390 FTW,1151
505,MSI Z170A KRAIT GAMING R6 SIEGE (MS-7A11),1151
506,MSI TRX40 PRO WIFI (MS-7C60),sTRX4
507,ASRock X399 Taichi,TR4
512,ASUS PRIME Z390-P,1151
513,MSI Z370I C2018 (MS-7B43),1151
532,ASUS MAXIMUS VI GENE,1150
533,MSI PRESTIGE X570 CREATION (MS-7C36),AM4
537,Gigabyte X99-UD4-CF,2011-3
538,Gigabyte Z490 GAMING X,1200
542,ASRock X99 Professional Gaming i7,2011-3
549,ASUS ROG STRIX Z370-G GAMING (WI-FI AC),1151
550,ASUS STRIX Z270E GAMING,1151
553,Gigabyte B450 I AORUS PRO WIFI-CF,AM4
554,MSI Z370-A PRO (MS-7B48),1151
556,ASUS TUF Z390-PRO GAMING,1151
564,ASUS PRIME Z370-A,1151
569,MSI Z270-A PRO (MS-7A71),1151
571,ASRock Z97 Extreme6,1150
585,ASUS ROG ZENITH II EXTREME ALPHA,sTRX4
592,ASUS MAXIMUS IX APEX,1151
594,ASRock X570 Phantom Gaming X,AM4
597,ASUS ROG STRIX Z370-H GAMING,1151
606,MSI Z370 GAMING PRO CARBON AC (MS-7B45),1151
607,ASRock Z390 Phantom Gaming-ITX/ac,1151
609,ASUS CROSSHAIR V FORMULA-Z,AM3+
614,MSI Z270 GAMING PRO CARBON (MS-7A63),1151
617,ASUS Z9PE-D8 WS,2011
635,ASRock B450M Steel Legend,AM4
638,ASUS PRIME Z490-P,1200
646,MSI Z170A GAMING M7 (MS-7976),1151
647,ASRock Z370 Professional Gaming i7,1151
649,Gigabyte X99-Designare EX-CF,2011-3
652,MSI Creator X299 (MS-7B96),2066
653,ASUS MAXIMUS VIII FORMULA,1151
654,Gigabyte Z97X-UD5H,1150
656,MSI X570-A PRO (MS-7C37),AM4
659,MSI X470 GAMING PRO MAX (MS-7B79),AM4
660,NZXT N7 Z390,1151
664,ASUS ROG STRIX B350-F GAMING,AM4
669,Gigabyte Z370M D3H-CF,1151
671,ASUS RAMPAGE IV EXTREME,2011
673,MSI MPG Z490 GAMING CARBON WIFI (MS-7C73),1200
682,Gigabyte Z390 GAMING X-CF,1151
683,MSI MPG B550 GAMING EDGE WIFI (MS-7C91),AM4
685,Gigabyte Z390 DESIGNARE-CF,1151
686,ASUS ROG ZENITH EXTREME ALPHA,TR4
687,Gigabyte Z270X-Gaming 9,1151
694,MSI MPG Z390 GAMING PLUS (MS-7B51),1151
697,MSI X399 GAMING PRO CARBON AC (MS-7B09),TR4
704,MSI B450 GAMING PLUS MAX (MS-7B86),AM4
705,MSI X99A GAMING 7 (MS-7885),2011-3
710,ASUS ROG STRIX X399-E GAMING,TR4
712,ASUS MAXIMUS V FORMULA,1155
715,MSI X370 GAMING PLUS (MS-7A33),AM4
719,Supermicro X10DRG-Q,2011-3
720,ASUS MAXIMUS IX FORMULA,1151
728,Gigabyte X399 AORUS PRO-CF,TR4
732,ASRock Z390 Phantom Gaming 9,1151
736,EVGA 131-HE-E095,2011-3
740,ASUS P8Z68-V PRO,1155
742,Gigabyte X399 AORUS Gaming 7,TR4
747,ASRock Z390 Phantom Gaming SLI/ac,1151
757,Gigabyte H81M-S2PH,1150
758,MSI X99A RAIDER (MS-7885),2011-3
760,Gigabyte Z97M-D3H,1150
762,Gigabyte X570 AORUS PRO,AM4
767,Gigabyte Z390 GAMING SLI-CF,1151
770,MSI Z97I GAMING AC (MS-7920),1150
786,ASRock Z97X Killer,1150
802,ASRock B85 Pro4,1150
805,ASUS X99-A/USB 3.1,2011-3
807,ASUS MAXIMUS VIII HERO,1151
811,MSI B450 GAMING PRO CARBON AC (MS-7B85),AM4
818,Gigabyte Z370 AORUS Ultra Gaming-CF,1151
820,Gigabyte G1.Sniper B5-CF,1150
822,MSI Z370 KRAIT GAMING (MS-7B46),1151
833,ASUS PRIME Z370-P II,1151
840,ASUS Z170I PRO GAMING,1151
841,Gigabyte X58A-UD7,1366
855,ASUS ROG STRIX B550-E GAMING,AM4
866,ASUS PRIME B450M-A,AM4
872,ASUS RAMPAGE IV BLACK EDITION,2011
874,ASUS PRIME Z270-A,AM4
876,ASUS Z97-AR,1150
877,ASRock Z390 Pro4,1151
887,ASUS TUF GAMING X570-PRO (WI-FI),AM4
891,ASUS ROG STRIX Z390-H GAMING,1151
893,ASUS Z170M-PLUS,1151
905,MSI B450M BAZOOKA (MS-7A38),AM4
906,ASRock Z370 Pro4-CB,1151
912,ASRock Z77 Extreme4,1155
918,ASRock X570 Phantom Gaming 4 WiFi ax,AM4
921,ASUS STRIX Z270H GAMING,1151
923,Gigabyte GA-990FX-GAMING,AM3+
929,Gigabyte 990FXA-UD3,AM3+
930,MSI Z170A MPOWER GAMING TITANIUM(MS-7A16),1151
933,ASRock Z390 Steel Legend,1151
934,ASUS TUF X299 MARK 2,2066
939,ASUS TUF Z390M-PRO GAMING (WI-FI),1151
940,Gigabyte X299X AORUS MASTER,2066
948,ASUSTeK PRIME Z270-AR,1151
952,EVGA 151-BE-E097,2011-3
954,MSI B450M MORTAR MAX (MS-7B89),AM4
956,ASRock X570 Steel Legend,AM4
957,ASUS ROG STRIX B550-F GAMING (WI-FI),AM4
961,ASUS PRIME B360M-K,1151
964,Gigabyte X58A-OC,1366
968,Gigabyte X299X AORUS XTREME WF,2066
971,Gigabyte P55A-UD4,1156
978,ASRock X570M Pro4,AM4
983,ASRock AB350M Pro4,AM4
989,Gigabyte X399 AORUS XTREME-CF,TR4
991,Gigabyte X470 AORUS ULTRA GAMING-CF,AM4
999,NVIDIA Z370 GAMING PRO CARBON AC (MS-7B45),1151
1001,Gigabyte Z390 M GAMING-CF,1151
1002,ASUS MAXIMUS VII HERO,1150
1004,ASRock X99M Killer,2011-3
1013,ASUS Z87-EXPERT,1150
1017,ASUS TUF B360-PRO GAMING,AM4
1018,NVIDIA Z370 GAMING M5 (MS-7B58),1151
1022,EVGA 151-HE-E999,2011-3
1023,EVGA 141-HW-E877,1150
1028,Gigabyte Z270X-Gaming 8,1151
1029,ASRock Z170 Pro4,1151
1034,ASUS MAXIMUS VIII IMPACT,1151
1038,ASUS Z87I-PRO,1150
1046,ASUS X79-DELUXE,2011
1048,ASUS Z97-PRO GAMER,1150
1051,Gigabyte Z77X-UD5H,1155
1052,MSI X99A GAMING PRO CARBON (MS-7A20),2011-3
1053,ASUS SABERTOOTH Z77,1155
1054,ASUS ROG STRIX B360-I GAMING,AM4
1055,ASUS X99-E WS,2011-3
1057,Gigabyte Z270X-Gaming 7,1151
1061,ASRock X99 Extreme4/3.1,2011-3
1063,Gigabyte G1.Sniper M3-CF,1150
1075,ASRock X470 Master SLI,AM4
1077,ASUS TUF Z370-PLUS GAMING II,1151
1083,EVGA 140-SS-E177,1151
1092,Gigabyte Z170X-Gaming 3,1151
1101,ASUS SABERTOOTH X99,2011-3
1105,MSI B250 GAMING M3 (MS-7A62),AM4
1107,MSI Z97-G55 SLI (MS-7921),1150
1110,ASUS Z170-DELUXE,1151
1116,ASUS STRIX Z270G GAMING,1151
1128,MSI Z170A XPOWER GAMING TITANIUM EDITION(MS-7968),1151
1130,ASRock Z97 Extreme4,1150
1132,NVIDIA Z370 TOMAHAWK (MS-7B47),1151
1136,MSI Z270 SLI (MS-7A59),1151
1138,ASUS P8Z77-V PREMIUM,1155
1139,ASUS SABERTOOTH X79,2011
1144,Gigabyte X299 AORUS Gaming 7 Pro,2066
1152,ASUSTeK Z170 PRO GAMING,1151
1154,MSI Z270 GAMING M5 (MS-7A78),1151
1157,ASUS MAXIMUS V EXTREME,1155
1167,ASUS SABERTOOTH Z170 MARK 1,1151
1175,MSI X370 SLI PLUS (MS-7A33),AM4
1176,ASUS Z170-E,1151
1183,ASUS X99-A,2011-3
1185,ASUS TUF GAMING X570-PLUS,AM4
1186,Gigabyte X99-SOC Champion-CF,2011-3
1187,NVIDIA Z170A GAMING M7 (MS-7976),1151
1188,Gigabyte Z97X-Gaming G1,1150
1194,ASRock Z87M OC Formula,1150
1199,ASRock Z270 Gaming-ITX/ac,1151
1202,ASUS P8Z77 WS,1155
1203,EVGA 142-HR-E977,1150
1206,NVIDIA Z270 GAMING M7 (MS-7A57),1151
1207,ASRock Z170 Gaming K4,1151
1209,ASUS PRIME X299-A,2066
1219,Gigabyte Z170X-GamingG1,1151
1220,NVIDIA X370 GAMING PRO CARBON (MS-7A32),AM4
1228,ASUS P9X79-E WS,2011
1231,NVIDIA X299 GAMING M7 ACK (MS-7A90),2066
1232,ASUS SABERTOOTH Z87,1150
1233,ASUS Maximus IV GENE-Z,1155
1239,MSI X99S SLI PLUS (MS-7885),2011-3
1241,Gigabyte Z97-HD3,1150
1243,NVIDIA Z97-G45 GAMING (MS-7821),1150
1245,Gigabyte X99-Ultra Gaming-CF,2011-3
1252,ASUS MAXIMUS VIII HERO ALPHA,1151
1256,ASUS Z97-K,1150
1261,ASUS ROG STRIX B550-A GAMING,AM4
1262,ASRock X99E-ITX/ac,2011-3
1263,ASRock X99 Extreme4,2011-3
1267,MSI X99S GAMING 7 (MS-7885),2011-3
1270,NVIDIA Z270 PC MATE (MS-7A72),1151
1276,Gigabyte Z77X-UD3H,1155
1277,ASRock Z75 Pro3,1155
1279,Gigabyte Z97X-UD5H-BK,1150
1280,ASUS P8Z77-V PRO/THUNDERBOLT,1155
1295,MSI Z97 GAMING 5 (MS-7917),1150
1297,Micro-Star X370 GAMING PRO CARBON (MS-7A32),AM4
1298,ASUS SABERTOOTH Z97 MARK S,1150
1299,NVIDIA Z270 GAMING PRO CARBON (MS-7A63),1151
1300,Gigabyte Z77X-UP5 TH-CF,1155
1303,ASUS MAXIMUS VII GENE,1150
1310,ASUS MAXIMUS IX EXTREME,1151
1311,Micro-Star Z370 GAMING M5 (MS-7B58),1151
1312,ASRock X99 Taichi,2011-3
1315,ASUS M5A99FX PRO R2.0,AM3+
1318,MSI Z97A GAMING 7 (MS-7916),1150
1320,ASRock X399M Taichi,TR4
1323,EVGA 134-KS-E279,1151
1324,ASUS MAXIMUS VIII GENE,1151
1327,Gigabyte Z270X-Ultra Gaming-CF,1151
1329,MSI Z170I GAMING PRO AC (MS-7980),1151
1330,Gigabyte Z68X-UD3H-B3,1155
1331,NVIDIA Z97 GAMING 3 (MS-7918),1150
1338,MSI X99A XPOWER GAMING TITANIUM (MS-7A21),2011-3
1345,NVIDIA Z87-G45 GAMING (MS-7821),1150
1351,ASUS PRIME Z270-AR,1151
1352,MSI Z68A-GD65 (MS-7681),1155
1353,Gigabyte AB350M-Gaming 3-CF,AM4
1363,EVGA 142-SS-E178,1151
1367,NVIDIA Z170A GAMING M3 (MS-7978),1151
1368,Micro-Star B350 GAMING PRO CARBON (MS-7B00),AM4
1377,MSI Creator TRX40 (MS-7C59),sTRX4
1378,MSI Z270 GAMING M6 AC (MS-7A78),1151
1380,ASUS STRIX Z270I GAMING,1151
1382,ASUS MAXIMUS VI FORMULA,1150
1386,MSI Z87 MPOWER (MS-7818),1150
1388,Gigabyte X79-UP4,2011
1390,Gigabyte B450 AORUS M,AM4
1393,Gigabyte Z370 AORUS Gaming WIFI-CF,1151
1394,MSI X99A GODLIKE GAMING (MS-7883),2011-3
1396,ASUS Z170 PRO GAMING/AURA,1151
1404,ASUS Z87-PRO,1150
1411,MSI Z87-GD65 GAMING (MS-7845),1150
1412,ASUS PRIME X370-PRO,AM4
1415,Micro-Star X370 XPOWER GAMING TITANIUM (MS-7A31),AM4
1417,Gigabyte X99P-SLI-CF,2011-3
1418,ASUS RAMPAGE IV FORMULA,2011
1421,ASUS MAXIMUS VI IMPACT,1150
1425,NVIDIA X99A SLI Krait Edition (MS-7885),2011-3
1429,ASUS MAXIMUS V GENE,1155
1430,ASUS MAXIMUS VIII EXTREME,1151
1432,MSI Z170A GAMING PRO CARBON (MS-7A12),1151
1433,ASRock Z170M Extreme4,1151
1435,ASUS ROG STRIX Z370-G GAMING,1151
1436,MSI Z77A-GD55 (MS-7751),1155
1439,Gigabyte Z270X-Gaming 5,1151
1440,ASRock Z270M-ITX/ac,1151
1441,ASUS P8Z77-V DELUXE,1155
1447,ASUS MAXIMUS VI HERO,1150
1448,MSI Big Bang-XPower (MS-7666),1366
1453,ASRock X370 Professional Gaming,AM4
1461,ASRock Z390 Taichi Ultimate,1151
1463,Gigabyte AB350-Gaming 3-CF,AM4
1465,ASUS TUF Z370-PLUS GAMING,1151
1466,EVGA 132-KS-E277,1151
1470,NVIDIA Z170A MPOWER GAMING TITANIUM(MS-7A16),1151
1476,MSI X370 GAMING PRO CARBON (MS-7A32),AM4
1479,ASUS SABERTOOTH Z97 MARK 1/USB 3.1,1150
1481,ASRock X370 Killer SLI/ac,AM4
1484,ASUS P6X58D-E,1366
1490,Supermicro X9DAi,2011
1491,ASRock H170 Performance,1151
1496,Gigabyte Z97X-Gaming 7,1150
1502,ASUS Z87-DELUXE,1150
1504,ASRock Z270 Pro4,1151
1505,ASUS TUF B350M-PLUS GAMING,AM4
1506,Gigabyte Z97MX-Gaming 5,1150
1507,ASUS Maximus IV Extreme-Z,1155
1514,EVGA 111-SS-E172,1151
1516,ASUS X99-PRO,2011-3
1517,Micro-Star X299 SLI PLUS (MS-7A93),2066
1518,NVIDIA Z87 MPOWER (MS-7818),1150
1525,ASRock Z97 Killer,1150
1533,MSI Z77A-G45 (MS-7752),1155
1538,Gigabyte Z170MX-Gaming 5,1151
1539,ASUS P8Z77-V PRO,1155
1540,ASUS X99-E WS/USB 3.1,2011-3
1543,ASRock Z170 Extreme6,1151
1544,ASUS P6T DELUXE V2,1366
1547,ASUS P8Z77-V,1155
1548,ASUS ROG CROSSHAIR VI HERO (WI-FI AC),AM4
1559,ASUS Z97-A-USB31,1150
1561,ASUS TUF X299 MARK 1,2066
1564,ASUS PRIME B350M-A,AM4
1566,MSI Z270I CORSAIR ONE (MS-7A66),1151
1570,ASUS MAXIMUS VII FORMULA,1150
1571,Gigabyte Z270MX-Gaming5,1151
1573,EVGA 121-BL-E756,1366
1583,MSI Z270 GAMING M3 (MS-7A62),1151
1589,ASUS P9X79 LE,2011
1595,Gigabyte Z270P-D3-CF,1151
1596,Gigabyte AX370-Gaming K5-CF,AM4
1598,MSI Z97S SLI Krait Edition (MS-7922),1150
1600,ASUS P6X58D PREMIUM,1366
1603,ASUS MAXIMUS VI EXTREME,1150
1604,Gigabyte Z97X-UD3H-CF,1150
1606,Gigabyte Z170X-UD3-CF,1151
1607,ASRock Z87 Pro3,1150
1612,NVIDIA Z270 GAMING M6 AC (MS-7A78),1151
1613,ASUS P8Z68-V PRO GEN3,1155
1618,ASUSTeK ROG STRIX Z370-G GAMING,1151
1624,ASRock Z170 Pro4S,1151
1634,Gigabyte H97-D3H-CF,1150
1637,Micro-Star X399 GAMING PRO CARBON AC (MS-7B09),TR4
1638,ASRock X99 Extreme11,2011-3
1641,MSI Z170A KRAIT GAMING 3X (MS-7A11),1151
1642,MSI Z77 MPower (MS-7751),1155
1646,NVIDIA R370 XPOWER GAMING TITANIUM (MS-7A31),AM4
1655,ASUS WS X299 SAGE,2066
1657,EVGA 134-KS-E377,1151
1660,ASUS RAMPAGE III BLACK EDITION,1366
1662,MSI Z170-A PRO (MS-7971),1151
1665,ASUS P9X79 WS,2011
1669,ASRock Z170 OC Formula,1151
1675,ASUS SABERTOOTH Z97 MARK 1,1150
1676,ASUS H97-PLUS,1150
1677,ASUS B150 PRO GAMING D3,AM4
1681,NVIDIA Z170A GAMING M5 (MS-7977),1151
1682,ASUS Z10PE-D8 WS,2011-3
1685,ASRock Z390 Phantom Gaming 4-CB,1151
1686,ASUS MAXIMUS VII RANGER,1150
1691,MSI Z77A-GD65 (MS-7751),1155
1692,Micro-Star B350 TOMAHAWK (MS-7A34),AM4
1693,ASUS X99-PRO/USB 3.1,2011-3
1705,ASUS PRIME B350-PLUS,AM4
1712,Gigabyte Z170XP-SLI-CF,1151
1713,ASUS GRYPHON Z87,1150
1715,Gigabyte Z87X-D3H-CF,1150
1716,Gigabyte X570 UD,AM4
1718,MSI X470 GAMING PRO (MS-7B79),AM4
1728,ASRock X299 Taichi,2066
1729,ASUSTeK Z170-AR,1151
1730,Gigabyte Z270X-DESIGNARE-CF,1151
1731,MSI MPG Z390I GAMING EDGE AC (MS-7C04),1151
1735,ASRock X99M Killer/3.1,2011-3
1736,ASRock Z170M OC Formula,1151
1739,NVIDIA Z270 SLI PLUS (MS-7A59),1151
1742,ASUS SABERTOOTH X58,1366
1743,NVIDIA Z77 MPower (MS-7751),1155
1749,ASUS X99-M WS,2011-3
1755,ASRock Z270 Extreme4,1151
1758,MSI Z170A-G45 GAMING (MS-7977),1151
1760,ASRock Z270 SuperCarrier,1151
1761,ASRock Z370 Pro4,1151
1763,ASRock Z170 Extreme4,1151
1768,Gigabyte G1.Sniper 3,1155
1773,MSI Z68A-GD65 (G3) (MS-7681),1155
1786,Gigabyte X99-Gaming 5P,2011-3
1788,MSI Z270 SLI PLUS (MS-7A59),1151
1790,ASUS P8P67 WS REVOLUTION,1155
1791,ASUS P9X79,2011
1799,ASUS ROG STRIX B450-E GAMING,AM4
1809,MSI Z170A KRAIT GAMING (MS-7984),1151
1810,NVIDIA Z270-A PRO (MS-7A71),1151
1817,Gigabyte Z270X-Gaming K7,1151
1824,ASRock Z270 Killer SLI/ac,1151
1825,EVGA 111-KS-E272,1151
1828,NVIDIA X99A RAIDER (MS-7885),2011-3
1831,ASRock X470 Gaming-ITX/ac,AM4
1832,ASUS Z97-C,1150
1834,ASUS Rampage II GENE,1366
1835,ASUS P8Z68-V GEN3,1155
1838,Gigabyte Z77X-UP4 TH,1155
1839,NVIDIA Z370 GAMING PRO CARBON (MS-7B45),1151
1842,ASUS WS X299 PRO_SE,2066
1845,ASRock Z370 Gaming-ITX/ac,1151
1846,MSI Z87-G45 GAMING (MS-7821),1150
1853,EVGA 152-HR-E979,1150
1861,Micro-Star X299 TOMAHAWK (MS-7B05),2066
1864,ASRock Z370 Killer SLI/ac,1151
1873,ASUS Z97-PRO(Wi-Fi ac),1150
1877,ASRock X79 Professional,2011
1879,Micro-Star X299 XPOWER GAMING AC (MS-7A91),2066
1880,Gigabyte Z170X-Gaming 5,1151
1882,EVGA X58 SLI Classified,1366
1890,MSI Z97I GAMING ACK (MS-7920),1150
1891,ASUS PRIME B250M-K,1151
1892,ASUS Z87-A,1150
1898,MSI X99A GODLIKE GAMING CARBON (MS-7883),2011-33
1899,NVIDIA X370 SLI PLUS (MS-7A33),AM4
1900,Gigabyte Z270X-UD5-CF,1151
1901,Gigabyte Z77-D3H,1155
1904,ASUS B85M-E,1150
1909,ASRock X299 Professional Gaming i9,2066
1919,Gigabyte Z97X-Gaming 3,1150
1920,MSI Z97 MPOWER MAX AC (MS-7888),1150
1931,MSI MPG Z490 GAMING PLUS (MS-7C75),1200
1933,EVGA X58 SLI FTW3,1366
1935,ASRock Z170 Gaming K6+,1151
1936,Gigabyte Z97X-SLI-CF,1150
1951,MSI B350M MORTAR (MS-7A37),AM4
1953,ASUS Z97I-PLUS,1150
1958,BIOSTAR MICROTECH TZ77XE4,1155
1975,MSI Z97 PC Mate(MS-7850),1150
1977,MSI B350M PRO-VDH (MS-7A38),AM4
1979,Gigabyte Z370N WIFI-CF,1151
1986,Gigabyte Z170X-Gaming 6,1151
1994,MSI Z97-G45 GAMING (MS-7821),1150
1997,Micro-Star B350M BAZOOKA (MS-7A38),AM4
2002,Gigabyte Z87X-UD5H-CF,1150
2004,Gigabyte Z170X-Ultra Gaming-CF,1151
2019,NVIDIA X299 TOMAHAWK AC (MS-7B05),2066
2029,ASRock Z77 Extreme3,1155
2030,ASUS Rampage III Extreme,1366
2031,Gigabyte Z370M DS3H-CF,1151
2033,Gigabyte Z370M AORUS Gaming-CF,1151
2035,NVIDIA Z370M GAMING PRO AC (MS-7B44),1151
2037,ASUS P8Z77-I DELUXE,1155
2046,Gigabyte Z97X-Gaming 5,1150
2049,ASUS X99-S,2011-3
2050,EVGA 132-SE-E775,2011
2051,EVGA 151-IB-E699,1155
2052,ASUSTeK Z170-DELUXE,1151
2057,Gigabyte X299 AORUS Ultra Gaming Pro-CF,2066
2059,Gigabyte AB350N-Gaming WIFI-CF,AM4
2060,ASUS Z97-PRO,1150
2065,Gigabyte AB350-Gaming-CF,AM4
2073,ASUS Z170-PRO,1151
2076,Gigabyte 970A-DS3P,AM3+
2079,ASUS H87M-E,1150
2082,Gigabyte B550 AORUS MASTER,AM4
2089,ASRock B550M-ITX/ac,AM4
2091,NVIDIA X470 GAMING PLUS (MS-7B79),AM4
2092,EVGA 123-CS-E397,1151
2096,MSI B450 GAMING PRO CARBON MAX WIFI (MS-7B85),AM4
2098,ASUS P8Z68-V,1155
2106,ASRock 980DE3/U3S3 R2.0,AM3+
2111,ASUS H87-PRO,1150
2114,MSI B450M MORTAR TITANIUM (MS-7B89),AM4
2116,ASUSTeK TUF Z390-PLUS GAMING (WI-FI),1151
2117,Gigabyte B450 AORUS ELITE,AM4
2118,ECS Z97I-DRONE,1150
2119,ASRock X570 Steel Legend WiFi ax,AM4
2123,ASRock B360M Xtreme,AM4
2128,ASRock X99 WS,2011-3
2129,Gigabyte B450 AORUS PRO WIFI-CF,AM4
2136,EVGA 150-HE-E997,2011-3
2144,EVGA 150-SE-E789,2011
2145,ASRock B360 Gaming K4,AM4
2147,Gigabyte X299 UD4-CF,2066
2148,MSI X370 XPOWER GAMING TITANIUM (MS-7A31),AM4
2149,ASUS M5A97 LE R2.0,AM3+
2160,MSI Z370M MORTAR (MS-7B54),1151
2163,Gigabyte X470 AORUS GAMING 5 WIFI-CF,AM4
2173,ASUS ROG STRIX B550-F GAMING,AM4
2179,MSI B350 GAMING PLUS (MS-7A34),AM4
2183,Gigabyte Q87M-MK,1150
2185,MSI B350 TOMAHAWK (MS-7A34),AM4
2188,ASRock Z77E-ITX,1155
2189,MSI B450 TOMAHAWK (MS-7C02),AM4
2192,Gigabyte 990FXA-UD5,AM3+
2209,NVIDIA MEG X399 CREATION (MS-7B92),TR4
2214,ASRock AB350 Pro4,AM4
2219,MSI B450-A PRO MAX (MS-7B86),AM4
2230,ASRock B450M Pro4,AM4
2236,Gigabyte X58A-UD3R,1366
2237,ASRock X470 Taichi Ultimate,AM4
2250,ASRock Z490 Phantom Gaming 4/ax,1200
2255,ASRock Z370 Pro4-IB,1151
2259,ASRock Z97 Anniversary,1150
2261,ASRock X370 Killer SLI,AM4
2269,ASUS P8Z77-V LE PLUS,1155
2271,MSI Z97 GAMING 7 (MS-7916),1150
2273,ASRock Z68 Pro3,1155
2277,ASRock Z170 Extreme6+,1151
2279,ASRock X570 Phantom Gaming 4,AM4
2280,MSI H97 PC Mate(MS-7850),1150
2281,Gigabyte Z170M-D3H-CF,1151
2285,ASUS P9D WS,1150
2290,ASRock H97 Pro4,1150
2292,MSI Z97M GAMING (MS-7919),1150
2301,ASRock Z97M OC Formula,1150
2304,ASRock X370 Gaming K4,AM4
2306,MSI B360 GAMING PLUS (MS-7B22),AM4
2314,ASRock X570 Phantom Gaming 4S,AM4
2315,MSI Z370M GAMING PRO AC (MS-7B44),1151
2316,ASUS A88XM-A,FM2+
2323,ASUS P8H77-I,1155
2325,Gigabyte Z97P-D3,1150
2328,NVIDIA X370 XPOWER GAMING TITANIUM (MS-7A31),AM4
2330,MSI Z170A TOMAHAWK AC (MS-7970),1151
2333,ASRock Z270M Extreme4,1151
2336,ASRock Z77 Pro4,1155
2338,ASRock Z97 OC Formula,1150
2342,ASUS ROG STRIX X370-I GAMING,AM4
2345,ASUS M4A89TD PRO,AM3
2351,ASRock AB350 Gaming K4,AM4
2357,NVIDIA Z97 GAMING 9 AC (MS-7926),1150
2358,Gigabyte H170-Gaming 3,1151
2360,ASUS TUF B450-PLUS GAMING,AM4
2363,ASUS Z170-AR,1151
2379,ASUS P8P67 PRO REV 3.1,1155
2387,NVIDIA Z270 GAMING M3 (MS-7A62),1151
2389,ASUS SABERTOOTH 990FX R2.0,AM3+
2397,Gigabyte G1.SNIPER B7-CF,1151
2399,ASUS SABERTOOTH Z97 MARK 2/USB 3.1,1150
2409,Gigabyte Z87X-UD3H-CF,1150
2412,Gigabyte Z68XP-UD3R,1155
2413,NVIDIA B350 GAMING PLUS (MS-7A34),AM4
2420,ASUS PRIME B360M-A,AM4
2423,ASUS Z170-P,1151
2424,ASRock X79 Extreme9,2011
2430,Gigabyte Z170N-Gaming 5,1151
2436,ASRock Z77 Professional-M,1155
2439,ASUS RAMPAGE IV GENE,2011
2441,MSI ZH77A-G43 (MS-7758),1155
2443,NVIDIA Z270 KRAIT GAMING (MS-7A59),1151
2445,MSI X370 GAMING PRO (MS-7A33),AM4
2446,MSI B350 TOMAHAWK ARCTIC (MS-7A34),AM4
2450,NVIDIA B350 TOMAHAWK (MS-7A34),AM4
2453,NVIDIA Z97 PC Mate(MS-7850),1150
2455,NVIDIA B350M PRO-VDH (MS-7A38),AM4
2456,Gigabyte Z170-HD3P-CF,1151
2461,Gigabyte 990FXA-UD3 R5,AM3+
2463,Gigabyte H97N-WIFI,1150
2464,ASUS STRIX B250F GAMING,1151
2465,ASUS P9X79 DELUXE,2011
2469,Gigabyte G1.Sniper Z87,1150
2472,MSI Z270 PC MATE (MS-7A72),1151
2478,ASUS PRIME A320M-K,AM4
2483,MSI MSI X58 Pro-E (MS-7522),1366
2485,MSI Big Bang-XPower II (MS-7737),2011
2488,Gigabyte H370M DS3H-CF,1151
2492,Gigabyte X570 GAMING X,AM4
2498,Gigabyte H270-HD3-CF,1151
2499,NVIDIA Big Bang-XPower II (MS-7737),2011
2503,NVIDIA Z270I GAMING PRO CARBON AC (MS-7A66),1151
2504,ASRock X370 Gaming-ITX/ac,AM4
2505,MSI Z87-G43 (MS-7816),1150
2506,ASUS WS C246 PRO,1151
2508,ASUS P6T DELUXE,1366
2509,MSI 990FXA GAMING (MS-7893),AM3+
2512,ASUS 970 PRO GAMING/AURA,AM3+
2517,NVIDIA X99A SLI PLUS(MS-7885),2011-3
2534,Gigabyte B150M-D3H-CF,1151
2539,ASUS TUF H310-PLUS GAMING,1151
2546,ASUS TUF Z270 MARK 2,1151
2551,ASUS PRIME H270M-PLUS,1151
2552,ASRock X79 Extreme6/GB,2011
2554,ASUS P8Z77-V LK,1155
2558,MSI H97M-E35 (MS-7846),1150
2559,ASUS M5A97 R2.0,AM3+
2568,ASUS P7P55D-E LX,1156
2572,ASUS SABERTOOTH Z97 MARK 2,1150
2573,NVIDIA Z170A TOMAHAWK AC (MS-7970),1151
2577,Gigabyte H97-HD3,1150
2581,MSI B350M PRO-VH PLUS(MS-7B07),AM4
2583,ASRock Z68 Extreme4 Gen3,1155
2586,ASRock B85M-ITX,1150
2598,ASUS Z170-PREMIUM,1151
2599,ASUS Rampage Formula,775
2600,EVGA 111-HR-E973,1150
2601,MSI Z170A SLI PLUS (MS-7998),1151
2604,NVIDIA X370 KRAIT GAMING (MS-7A33),AM4
2606,NVIDIA Z97 GAMING 5 (MS-7917),1150
2607,MSI Z170A GAMING M3 (MS-7978),1151
2621,ASUS PRIME B460-PLUS,1151
2622,ASRock H87 Pro4,1150
2623,ASUS Rampage II Extreme,1366
2629,ASUS H170 PRO GAMING,1151
2639,NVIDIA Z170A GAMING PRO CARBON (MS-7A12),1151
2642,Gigabyte Z170X-Designare-CF,1151
2649,Intel DX79SI,2011
2652,ASRock X99X Killer,2011-3
2669,ASUS PRIME B350M-K,AM4
2671,ASRock B75M-DGS R2.0,1155
2673,MSI Z170M MORTAR (MS-7972),1151
2674,Gigabyte 970A-UD3P,AM3+
2675,Gigabyte X58A-UD9,1366
2680,NVIDIA H67MA-E45 (B3) (MS-7678),1155
2689,ASRock H270M-ITX/ac,1151
2690,MSI H170 GAMING M3 (MS-7978),1151
2693,Intel DZ68BC,1155
2715,ASRock Z77 Extreme6,1155
2719,ASRock P67 Extreme6,1155
2721,MSI H81M-P33 (MS-7817),1150
2727,ASUS PRIME B250M-A,1151
2730,MSI B450M PRO-VDH MAX (MS-7A38),AM4
2731,ASUS P8Z77-V LX,1155
2732,ASRock B250 Gaming K4,1151
2734,MSI B250 KRAIT GAMING (MS-7A68),1151
2739,ASRock Z77 Pro3,1155
2748,MSI Z97 GAMING 3 (MS-7918),1150
2750,Gigabyte Z97-D3H-CF,1150
2751,ASUS Z97-P,1150
2753,Gigabyte AB350M-D3H-CF,AM4
2755,MSI Z170 KRAIT GAMING (MS-7984),1151
2760,Gigabyte Z170-D3H-CF,1151
2767,ASUS Crosshair V Formula,AM3+
2770,ASRock X570 Pro4,AM4
2771,Gigabyte 970A-D3P,AM3+
2775,Gigabyte B150M-DS3H-CF,1151
2777,Gigabyte Z270N-WIFI-CF,1151
2778,ASRock 960GM/U3S3 FX,AM3+
2783,Gigabyte Z68P-DS3,1155
2785,Gigabyte B85N PHOENIX-CF,1150
2786,MSI Z170A PC MATE (MS-7971),1151
2787,Gigabyte Z87-D3HP-CF,1150
2789,Gigabyte Z87M-D3H,1150
2792,ASUS M5A99X EVO R2.0,AM3+
2794,MSI Z170A SLI (MS-7998),1151
2797,Gigabyte B450 AORUS PRO-CF,AM4
2802,ASRock Z170 Extreme7+,1151
2803,ASUS Rampage III Formula,1366
2806,MSI B450M PRO-VDH (MS-7A38),AM4
2807,ASRock AB350M,AM4
2808,Gigabyte B85M-D3H,1150
2809,Gigabyte B85-HD3,1150
2814,ASRock Z97 Extreme6/3.1,1150
2815,MSI 970A GAMING PRO CARBON (MS-7992),AM3+
2817,ASRock H61M-HVS,1155
2823,NVIDIA B250M MORTAR ARCTIC (MS-7A69),AM4
2824,Biostar Microtech H61MGV3,1155
2827,NVIDIA Z77A-G43 (MS-7758),1155
2833,MSI H81M-E34 (MS-7817),1150
2836,ASUS SABERTOOTH 990FX R3.0,AM3+
2839,ASUS M5A97 PRO,AM3+
2844,ASRock H110M-DS/Hyper,1151
2845,ASUS B250 MINING EXPERT,1151
2847,Gigabyte H170N-WIFI-CF,1151
2854,MSI B350M MORTAR ARCTIC (MS-7A37),AM4
2857,Gigabyte Z270N-Gaming 5,1151
2859,ASRock B85M Pro4,1150
2864,MSI H170A GAMING PRO (MS-7978),1151
2865,Micro-Star B350 PC MATE (MS-7A34),AM4
2866,Supermicro X8DTH,1366
2877,ASUS STRIX H270F GAMING,1151
2885,ASUS Maximus IV Extreme,1155
2888,Gigabyte B75M-D3V,1155
2892,ASRock Z87 Killer,1150
2893,Gigabyte Z97N-WIFI,1150
2898,ASUS B85M-G,1150
2899,Gigabyte H110M-S2H-CF,1151
2901,ASUS P6T,1366
2903,Gigabyte A320M-S2H-CF,AM4
2911,Gigabyte P85-D3,1150
2917,Gigabyte H61M-S2PV,1155
